City_ID,City,Country,Date,Lat,Lng,Max Temp,Humidity,Cloudiness,Wind Speed,Weather Discription
0,Ushuaia,AR,2022-05-06 22:08:23,-54.8,-68.3,42.46,65,40,20.71,scattered clouds
1,Punta Arenas,CL,2022-05-06 22:09:38,-53.15,-70.9167,44.71,81,100,9.22,light rain
2,New Norfolk,AU,2022-05-06 22:12:05,-42.7826,147.0587,49.66,77,100,1.99,light rain
3,Longyearbyen,SJ,2022-05-06 22:12:06,78.2186,15.6401,26.44,68,75,5.75,broken clouds
4,Houma,US,2022-05-06 22:09:04,29.5958,-90.7195,89.01,71,1,12.35,clear sky
5,Arraial Do Cabo,BR,2022-05-06 22:12:07,-22.9661,-42.0278,73.26,73,0,16.11,clear sky
6,Cherskiy,RU,2022-05-06 22:12:08,68.75,161.3,32.45,100,100,3.91,light snow
7,Bengkulu,ID,2022-05-06 22:09:40,-3.8004,102.2655,76.03,89,100,6.22,overcast clouds
8,Cape Town,ZA,2022-05-06 22:08:09,-33.9258,18.4232,57.34,89,86,13.0,overcast clouds
9,Busselton,AU,2022-05-06 22:09:37,-33.65,115.3333,55.04,60,0,7.52,clear sky
10,Lebu,CL,2022-05-06 22:12:09,-37.6167,-73.65,53.78,92,69,9.19,broken clouds
11,Viedma,AR,2022-05-06 22:12:10,-40.8135,-62.9967,61.61,50,83,9.01,broken clouds
12,Nanortalik,GL,2022-05-06 22:12:10,60.1432,-45.2371,34.09,98,100,2.91,overcast clouds
13,Rikitea,PF,2022-05-06 22:09:39,-23.1203,-134.9692,77.59,84,84,16.17,moderate rain
14,Kavieng,PG,2022-05-06 22:08:16,-2.5744,150.7967,84.4,74,100,15.84,overcast clouds
15,Sao Joao Da Barra,BR,2022-05-06 22:09:33,-21.6403,-41.0511,73.38,71,29,15.7,scattered clouds
16,Hamilton,US,2022-05-06 22:12:11,39.1834,-84.5333,66.97,93,100,6.91,light rain
17,Aklavik,CA,2022-05-06 22:12:12,68.2191,-135.0107,31.01,83,100,0.6,overcast clouds
18,Hermanus,ZA,2022-05-06 22:10:12,-34.4187,19.2345,55.8,87,100,9.15,moderate rain
19,Matara,LK,2022-05-06 22:12:13,5.9485,80.5353,79.54,90,100,8.46,overcast clouds
20,Bluff,NZ,2022-05-06 22:12:13,-46.6,168.3333,54.81,84,99,9.53,light rain
21,Bolondron,CU,2022-05-06 22:12:14,22.7633,-81.4469,84.4,49,55,3.31,moderate rain
22,Krasnoselkup,RU,2022-05-06 22:12:15,65.7,82.4667,21.94,85,100,23.96,overcast clouds
23,Mackay,AU,2022-05-06 22:12:15,-21.15,149.2,74.68,84,100,8.16,overcast clouds
24,Georgetown,MY,2022-05-06 22:08:26,5.4112,100.3354,82.33,89,20,0.0,few clouds
25,Karratha,AU,2022-05-06 22:12:16,-20.7377,116.8463,74.7,46,4,18.81,clear sky
26,Lompoc,US,2022-05-06 22:12:17,34.6391,-120.4579,78.69,66,0,32.01,clear sky
27,Upington,ZA,2022-05-06 22:12:19,-28.4478,21.2561,62.02,41,31,8.3,scattered clouds
28,Sur,OM,2022-05-06 22:12:21,22.5667,59.5289,82.26,66,0,10.16,clear sky
29,Mar Del Plata,AR,2022-05-06 22:09:27,-38.0023,-57.5575,59.88,90,52,2.3,fog
30,Joue-Les-Tours,FR,2022-05-06 22:12:21,47.3522,0.6691,57.54,72,0,2.3,clear sky
31,Riyadh,SA,2022-05-06 22:12:22,24.6877,46.7219,82.54,23,38,5.19,scattered clouds
32,Saskylakh,RU,2022-05-06 22:12:23,71.9167,114.0833,15.26,87,84,19.77,broken clouds
33,Puerto Ayora,EC,2022-05-06 22:08:09,-0.7393,-90.3518,76.96,82,88,8.57,overcast clouds
34,Yellowknife,CA,2022-05-06 22:09:33,62.456,-114.3525,48.07,70,100,14.9,overcast clouds
35,Khatanga,RU,2022-05-06 22:12:24,71.9667,102.5,11.93,89,100,21.07,overcast clouds
36,Ponta Do Sol,PT,2022-05-06 22:12:25,32.6667,-17.1,68.63,65,93,4.63,overcast clouds
37,Suleja,NG,2022-05-06 22:12:25,9.1758,7.1808,74.82,77,100,2.51,overcast clouds
38,Lagoa,PT,2022-05-06 22:12:26,39.05,-27.9833,60.37,74,3,5.79,clear sky
39,Kutum,SD,2022-05-06 22:12:27,14.2,24.6667,76.82,15,76,10.4,broken clouds
40,Mataura,NZ,2022-05-06 22:12:27,-46.1927,168.8643,54.48,76,97,3.42,overcast clouds
41,Pevek,RU,2022-05-06 22:12:27,69.7008,170.3133,30.34,84,100,0.78,overcast clouds
42,Lorengau,PG,2022-05-06 22:12:28,-2.0226,147.2712,84.02,77,86,9.57,overcast clouds
43,Kapaa,US,2022-05-06 22:09:34,22.0752,-159.319,82.38,81,75,17.27,broken clouds
44,Poum,NC,2022-05-06 22:11:05,-20.2333,164.0167,77.0,71,0,13.51,clear sky
45,Cidreira,BR,2022-05-06 22:13:29,-30.1811,-50.2056,63.37,67,50,2.89,scattered clouds
46,Limbang,MY,2022-05-06 22:13:29,4.75,115.0,78.91,97,100,2.04,overcast clouds
47,Broome,US,2022-05-06 22:13:30,42.2506,-75.833,57.15,78,100,8.05,overcast clouds
48,Hilo,US,2022-05-06 22:13:30,19.7297,-155.09,85.28,87,100,11.5,light rain
49,Albany,US,2022-05-06 22:07:21,42.6001,-73.9662,61.34,58,100,1.01,overcast clouds
50,Tahe,CN,2022-05-06 22:13:31,52.3333,124.7333,40.55,47,97,9.35,overcast clouds
51,Port Hedland,AU,2022-05-06 22:13:32,-20.3167,118.5667,71.65,46,0,10.36,clear sky
52,Bafq,IR,2022-05-06 22:13:32,31.6128,55.4107,75.72,26,69,7.78,broken clouds
53,Lakkion,GR,2022-05-06 22:13:33,37.1333,26.85,63.9,70,85,16.42,overcast clouds
54,Hithadhoo,MV,2022-05-06 22:13:33,-0.6,73.0833,83.8,75,78,15.3,broken clouds
55,Omboue,GA,2022-05-06 22:13:34,-1.5746,9.2618,78.03,91,100,5.44,moderate rain
56,Salalah,OM,2022-05-06 22:13:34,17.0151,54.0924,82.49,83,75,3.44,broken clouds
57,Nikolskoye,RU,2022-05-06 22:13:35,59.7035,30.7861,46.29,97,17,5.95,few clouds
58,Podosinovets,RU,2022-05-06 22:13:35,60.2776,47.0659,41.13,78,94,8.68,overcast clouds
59,Omsukchan,RU,2022-05-06 22:13:36,62.5333,155.8,26.67,87,96,3.47,overcast clouds
60,Dongying,CN,2022-05-06 22:13:37,37.4564,118.4856,53.08,68,82,10.98,broken clouds
61,Hlinsko,CZ,2022-05-06 22:13:37,49.7621,15.9076,53.08,96,100,3.62,light rain
62,Havoysund,NO,2022-05-06 22:13:38,70.9963,24.6622,39.43,86,100,7.92,light rain
63,Batagay-Alyta,RU,2022-05-06 22:13:38,67.8006,130.4114,19.8,75,72,5.46,broken clouds
64,Atuona,PF,2022-05-06 22:08:12,-9.8,-139.0333,78.91,73,15,14.36,few clouds
65,Baloda Bazar,IN,2022-05-06 22:13:39,21.6667,82.1667,84.49,23,0,7.25,clear sky
66,Kurilsk,RU,2022-05-06 22:13:40,45.2333,147.8833,50.2,76,84,12.82,broken clouds
67,Imeni Poliny Osipenko,RU,2022-05-06 22:12:23,52.4201,136.4853,32.5,97,79,3.67,broken clouds
68,Lavrentiya,RU,2022-05-06 22:13:40,65.5833,-171.0,22.17,82,48,5.39,scattered clouds
69,Salym,RU,2022-05-06 22:13:41,60.0625,71.4789,26.53,92,100,14.61,overcast clouds
70,East London,ZA,2022-05-06 22:09:13,-33.0153,27.9116,67.86,80,95,12.33,overcast clouds
71,Deputatskiy,RU,2022-05-06 22:13:42,69.3,139.9,19.76,93,100,2.98,overcast clouds
72,Bambous Virieux,MU,2022-05-06 22:09:36,-20.3428,57.7575,73.65,73,20,6.91,few clouds
73,Kasongo-Lunda,CD,2022-05-06 22:13:42,-6.4667,16.8167,75.02,78,99,1.48,overcast clouds
74,Klaksvik,FO,2022-05-06 22:13:43,62.2266,-6.589,40.12,62,80,12.8,broken clouds
75,Portland,US,2022-05-06 22:10:07,45.5234,-122.6762,59.58,90,100,11.5,overcast clouds
76,Torbay,CA,2022-05-06 22:13:44,47.6666,-52.7314,37.58,91,75,10.36,light intensity shower rain
77,Nalut,LY,2022-05-06 22:13:44,30.3333,10.85,66.4,48,0,12.68,clear sky
78,Kruisfontein,ZA,2022-05-06 22:13:45,-34.0033,24.7314,59.49,84,95,10.94,overcast clouds
79,Saint-Pierre,RE,2022-05-06 22:13:45,-21.3393,55.4781,73.9,78,20,4.61,few clouds
80,Barrow,US,2022-05-06 22:05:02,71.2906,-156.7887,19.42,93,100,13.8,overcast clouds
81,Carutapera,BR,2022-05-06 22:13:46,-1.195,-46.02,77.5,88,51,7.83,broken clouds
82,Morant Bay,JM,2022-05-06 22:13:47,17.8815,-76.4093,88.72,77,14,9.66,few clouds
83,Erzurum,TR,2022-05-06 22:13:47,40.0,41.5,40.68,84,100,4.54,overcast clouds
84,Praia Da Vitoria,PT,2022-05-06 22:09:19,38.7333,-27.0667,60.76,84,41,6.8,scattered clouds
85,Vila Velha,BR,2022-05-06 22:13:48,-20.3297,-40.2925,76.95,73,75,11.5,broken clouds
86,Chany,RU,2022-05-06 22:11:09,55.3121,76.7647,35.13,59,60,22.17,broken clouds
87,Tommot,RU,2022-05-06 22:14:48,58.9564,126.2925,30.74,89,75,4.36,broken clouds
88,Santos Dumont,BR,2022-05-06 22:14:49,-21.4567,-43.5525,58.84,94,47,4.76,scattered clouds
89,Castro,BR,2022-05-06 22:14:49,-24.7911,-50.0119,55.49,90,7,3.67,clear sky
90,Vaini,TO,2022-05-06 22:14:50,-21.2,-175.2,78.96,78,40,9.22,scattered clouds
91,Ponta Delgada,PT,2022-05-06 22:14:50,37.7333,-25.6667,68.5,88,75,10.36,broken clouds
92,Bermeo,ES,2022-05-06 22:14:51,43.4209,-2.7215,55.49,90,7,4.52,clear sky
93,Mizdah,LY,2022-05-06 22:14:51,31.4451,12.9801,62.92,47,0,2.95,clear sky
94,Kastamonu,TR,2022-05-06 22:14:52,41.5,33.6667,41.72,94,100,5.59,overcast clouds
95,Te Anau,NZ,2022-05-06 22:14:52,-45.4167,167.7167,57.38,85,97,4.76,light rain
96,Moron,AR,2022-05-06 22:14:53,-34.6534,-58.6198,67.98,81,0,3.71,clear sky
97,Grindavik,IS,2022-05-06 22:14:53,63.8424,-22.4338,41.47,81,75,13.8,broken clouds
98,Jardim,BR,2022-05-06 22:14:54,-21.4803,-56.1381,67.19,69,0,5.5,clear sky
99,Tuktoyaktuk,CA,2022-05-06 22:14:55,69.4541,-133.0374,31.46,96,100,6.8,overcast clouds
100,Springdale,US,2022-05-06 22:10:04,36.1867,-94.1288,65.03,85,100,9.22,overcast clouds
101,Boa Vista,BR,2022-05-06 22:14:56,2.8197,-60.6733,78.78,89,75,4.61,broken clouds
102,Mahebourg,MU,2022-05-06 22:14:56,-20.4081,57.7,73.69,73,20,6.91,few clouds
103,Gisborne,NZ,2022-05-06 22:14:57,-38.6533,178.0042,58.53,77,13,4.65,few clouds
104,Gornopravdinsk,RU,2022-05-06 22:14:57,60.05,69.9,26.13,89,100,12.68,overcast clouds
105,Port Alfred,ZA,2022-05-06 22:14:58,-33.5906,26.891,65.17,85,99,1.01,overcast clouds
106,Mahon,ES,2022-05-06 22:14:58,39.8885,4.2658,64.96,55,0,10.36,clear sky
107,Hailey,US,2022-05-06 22:14:54,43.5196,-114.3153,59.0,51,75,19.57,broken clouds
108,Kaitangata,NZ,2022-05-06 22:14:59,-46.2817,169.8464,56.1,74,84,4.16,broken clouds
109,Luderitz,NA,2022-05-06 22:14:59,-26.6481,15.1594,57.42,84,2,12.95,clear sky
110,Geraldton,AU,2022-05-06 22:15:00,-28.7667,114.6,57.61,51,0,13.8,clear sky
111,Arlit,NE,2022-05-06 22:15:00,18.7369,7.3853,96.46,11,100,15.17,overcast clouds
112,Pisco,PE,2022-05-06 22:15:01,-13.7,-76.2167,69.85,73,0,14.97,clear sky
113,Chokurdakh,RU,2022-05-06 22:15:01,70.6333,147.9167,20.98,92,100,3.47,overcast clouds
114,Andenes,NO,2022-05-06 22:15:02,69.3143,16.1194,40.98,87,100,19.57,overcast clouds
115,Poddorye,RU,2022-05-06 22:15:02,57.4695,31.1156,47.14,83,88,4.83,overcast clouds
116,Clyde River,CA,2022-05-06 22:14:11,70.4692,-68.5914,23.76,89,56,6.15,broken clouds
117,Union,US,2022-05-06 22:15:03,40.6334,-74.2663,54.1,91,100,10.36,moderate rain
118,Shanhetun,CN,2022-05-06 22:15:04,44.7,127.2,43.39,64,78,7.65,broken clouds
119,Hasaki,JP,2022-05-06 22:15:04,35.7333,140.8333,63.28,83,100,14.0,overcast clouds
120,Kefamenanu,ID,2022-05-06 22:15:05,-9.4467,124.4781,72.55,92,80,3.51,broken clouds
121,Upernavik,GL,2022-05-06 22:15:05,72.7868,-56.1549,13.24,83,0,6.8,clear sky
122,Nagato,JP,2022-05-06 22:15:06,34.3833,131.2,64.2,84,38,6.82,scattered clouds
123,Porto Belo,BR,2022-05-06 22:15:06,-27.1578,-48.5531,69.75,73,26,8.66,scattered clouds
124,Nagapattinam,IN,2022-05-06 22:15:07,10.7667,79.8333,83.91,78,50,4.43,scattered clouds
125,Margate,GB,2022-05-06 22:12:58,51.3813,1.3862,59.88,74,100,7.0,overcast clouds
126,Troyes,FR,2022-05-06 22:15:07,48.3333,4.0833,56.17,81,0,8.05,clear sky
127,Antsohihy,MG,2022-05-06 22:15:08,-14.8796,47.9875,72.39,86,5,1.77,clear sky
128,Butte,US,2022-05-06 22:15:08,39.6499,-121.5677,76.3,51,75,12.66,broken clouds
129,Tasiilaq,GL,2022-05-06 22:15:12,65.6145,-37.6368,26.76,67,8,4.09,clear sky
130,Ouadda,CF,2022-05-06 22:16:12,8.0777,22.4007,69.48,85,100,3.67,overcast clouds
131,Talaya,RU,2022-05-06 22:12:26,61.3833,152.75,23.2,84,100,3.24,overcast clouds
132,Hofn,IS,2022-05-06 22:16:13,64.2539,-15.2082,38.32,54,8,15.77,clear sky
133,Tiksi,RU,2022-05-06 22:16:14,71.6872,128.8694,19.2,87,100,22.24,overcast clouds
134,Jamestown,US,2022-05-06 22:08:52,42.097,-79.2353,58.59,82,100,16.11,overcast clouds
135,Hobart,AU,2022-05-06 22:14:15,-42.8794,147.3294,50.02,86,75,9.22,broken clouds
136,Dothan,US,2022-05-06 22:14:29,31.2232,-85.3905,84.4,69,0,18.41,clear sky
137,Port Elizabeth,ZA,2022-05-06 22:16:15,-33.918,25.5701,62.31,84,0,8.05,clear sky
138,San Vicente,AR,2022-05-06 22:16:15,-26.6167,-54.1333,54.93,85,3,3.2,clear sky
139,Boleslawiec,PL,2022-05-06 22:16:16,51.2642,15.5697,54.82,80,95,1.61,overcast clouds
140,Slavicin,CZ,2022-05-06 22:16:16,49.088,17.8735,55.13,93,100,3.27,overcast clouds
141,Santa Cruz,BO,2022-05-06 22:15:02,-17.8,-63.1667,67.75,47,0,1.45,clear sky
142,Castillo,DO,2022-05-06 22:16:17,19.2082,-70.0273,79.7,91,49,3.22,scattered clouds
143,Guasdualito,VE,2022-05-06 22:16:17,7.2424,-70.7324,78.76,89,75,3.44,broken clouds
144,Novaya Igirma,RU,2022-05-06 22:16:18,57.1334,103.9112,36.61,68,37,4.12,scattered clouds
145,San Martin,AR,2022-05-06 22:16:18,-33.081,-68.4681,68.54,33,0,6.98,clear sky
146,Komsomolskiy,UZ,2022-05-06 22:16:19,40.4272,71.7189,63.32,63,43,9.22,scattered clouds
147,Natchitoches,US,2022-05-06 22:22:05,31.7668,-93.1335,83.25,50,0,8.05,clear sky
148,Ambon,ID,2022-05-06 22:22:06,-3.6954,128.1814,77.14,94,20,3.44,few clouds
149,Nargana,PA,2022-05-06 22:22:06,9.4428,-78.5906,81.86,76,93,11.95,overcast clouds
150,Cururupu,BR,2022-05-06 22:22:07,-1.8283,-44.8683,76.28,90,76,4.0,broken clouds
151,Korla,CN,2022-05-06 22:22:07,41.7597,86.1469,68.97,42,25,10.16,scattered clouds
152,Shubarkuduk,KZ,2022-05-06 22:22:08,49.1447,56.4872,45.63,49,100,16.96,overcast clouds
153,Arona,ES,2022-05-06 22:19:46,28.0996,-16.681,61.83,79,0,6.91,clear sky
154,Namibe,AO,2022-05-06 22:22:08,-15.1961,12.1522,75.6,65,0,3.69,clear sky
155,Dingle,PH,2022-05-06 22:22:09,10.9995,122.6711,78.71,87,33,7.29,scattered clouds
156,Miajadas,ES,2022-05-06 22:22:09,39.1513,-5.9084,63.25,48,72,3.38,broken clouds
157,Bredasdorp,ZA,2022-05-06 22:20:11,-34.5322,20.0403,56.16,90,100,3.15,light rain
158,Antofagasta,CL,2022-05-06 22:21:07,-23.65,-70.4,61.88,84,92,6.11,overcast clouds
159,Richards Bay,ZA,2022-05-06 22:22:10,-28.783,32.0377,65.14,91,0,5.84,clear sky
160,Codrington,AU,2022-05-06 22:18:29,-38.2667,141.9667,49.6,93,75,9.04,broken clouds
161,Port Blair,IN,2022-05-06 22:22:11,11.6667,92.75,81.68,82,99,10.98,overcast clouds
162,Sorong,ID,2022-05-06 22:22:11,-0.8833,131.25,78.94,87,94,5.99,overcast clouds
163,Panguna,PG,2022-05-06 22:22:12,-6.3164,155.4848,75.81,82,18,3.15,few clouds
164,Waddan,LY,2022-05-06 22:22:12,29.1614,16.139,68.59,56,100,19.08,overcast clouds
165,Dikson,RU,2022-05-06 22:18:32,73.5069,80.5464,18.34,95,100,12.95,light snow
166,Puerto Leguizamo,CO,2022-05-06 22:22:13,-0.1934,-74.7819,76.3,95,73,3.65,broken clouds
167,Saldanha,ZA,2022-05-06 22:22:14,-33.0117,17.9442,55.45,88,44,16.46,scattered clouds
168,Umm Kaddadah,SD,2022-05-06 22:22:14,13.6017,26.6876,79.25,14,91,11.39,overcast clouds
169,Ribeira Grande,PT,2022-05-06 22:21:49,38.5167,-28.7,61.61,66,22,5.84,few clouds
170,Kandrian,PG,2022-05-06 22:22:15,-6.2167,149.55,81.21,84,57,4.56,broken clouds
171,Pasighat,IN,2022-05-06 22:22:15,28.0667,95.3333,71.49,75,12,4.25,few clouds
172,Pedra Branca,BR,2022-05-06 22:22:16,-5.4542,-39.7172,75.34,70,93,2.37,overcast clouds
173,Saint-Augustin,CA,2022-05-06 22:22:16,51.226,-58.6502,37.11,54,100,14.83,overcast clouds
174,Sept-Iles,CA,2022-05-06 22:22:17,50.2001,-66.3821,41.43,47,75,8.05,broken clouds
175,Ancud,CL,2022-05-06 22:22:17,-41.8697,-73.8203,52.27,92,100,9.4,overcast clouds
176,Tuatapere,NZ,2022-05-06 22:22:18,-46.1333,167.6833,58.95,83,100,6.44,overcast clouds
177,Araouane,ML,2022-05-06 22:22:18,18.9048,-3.5265,92.71,15,10,8.59,clear sky
178,Esperance,AU,2022-05-06 22:22:19,-33.8667,121.9,53.2,82,0,12.24,clear sky
179,Laem Sing,TH,2022-05-06 22:22:19,12.4816,102.0738,81.05,100,100,5.66,overcast clouds
180,Sistranda,NO,2022-05-06 22:22:20,63.7256,8.834,44.56,79,80,27.85,broken clouds
181,Jiwani,PK,2022-05-06 22:22:20,25.05,61.7417,79.88,81,0,5.95,clear sky
182,Paita,PE,2022-05-06 22:22:21,-5.0892,-81.1144,69.15,78,26,14.85,scattered clouds
183,Nizwa,OM,2022-05-06 22:22:21,22.9333,57.5333,78.48,55,0,2.35,clear sky
184,Bethel,US,2022-05-06 22:18:48,41.3712,-73.414,56.44,87,100,3.44,light rain
185,Nombre De Dios,MX,2022-05-06 22:22:22,23.85,-104.2333,92.75,8,14,16.73,few clouds
186,San Jose,US,2022-05-06 22:22:02,37.3394,-121.895,80.85,56,40,20.71,scattered clouds
187,Lebanon,US,2022-05-06 22:22:23,36.2081,-86.2911,69.17,87,100,12.66,mist
188,Comodoro Rivadavia,AR,2022-05-06 22:22:23,-45.8667,-67.5,53.46,66,0,4.61,clear sky
189,Saint George,US,2022-05-06 22:22:24,37.1041,-113.5841,95.63,9,0,9.22,clear sky
190,Turukhansk,RU,2022-05-06 22:22:24,65.8167,87.9833,23.65,95,100,17.05,snow
191,Asfi,MA,2022-05-06 22:22:25,32.2994,-9.2372,66.9,66,73,17.22,broken clouds
192,Lasa,IT,2022-05-06 22:22:25,46.6166,10.7002,54.48,98,99,3.42,overcast clouds
193,Souillac,MU,2022-05-06 22:22:26,-20.5167,57.5167,73.78,73,20,6.91,few clouds
194,Cabo San Lucas,MX,2022-05-06 22:19:21,22.8909,-109.9124,83.61,56,0,10.36,clear sky
195,Ambilobe,MG,2022-05-06 22:22:19,-13.2,49.05,71.28,86,0,3.62,clear sky
196,Sorland,NO,2022-05-06 22:23:27,67.667,12.6934,41.68,79,36,45.03,scattered clouds
197,Luganville,VU,2022-05-06 22:23:27,-15.5333,167.1667,81.64,69,32,9.26,scattered clouds
198,Ngunguru,NZ,2022-05-06 22:23:28,-35.6167,174.5,64.71,72,25,6.67,scattered clouds
199,Victoria,HK,2022-05-06 22:19:29,22.2855,114.1577,78.19,84,100,4.0,overcast clouds
200,Iqaluit,CA,2022-05-06 22:23:28,63.7506,-68.5145,19.13,73,75,15.01,broken clouds
201,Provideniya,RU,2022-05-06 22:23:29,64.3833,-173.3,33.93,70,12,7.74,few clouds
202,Gigmoto,PH,2022-05-06 22:23:29,13.7796,124.39,80.96,84,29,9.42,scattered clouds
203,Rawson,AR,2022-05-06 22:23:30,-43.3002,-65.1023,62.33,53,86,18.14,overcast clouds
204,Howard Springs,AU,2022-05-06 22:23:30,-12.497,131.047,75.87,74,59,10.38,broken clouds
205,Jacmel,HT,2022-05-06 22:23:31,18.2342,-72.5347,85.84,75,5,6.42,clear sky
206,Olafsvik,IS,2022-05-06 22:23:31,64.8945,-23.7142,40.6,75,96,20.85,overcast clouds
207,Lulea,SE,2022-05-06 22:23:32,65.5842,22.1547,41.07,75,20,9.22,few clouds
208,Vredendal,ZA,2022-05-06 22:23:32,-31.6683,18.5012,54.91,93,14,7.76,few clouds
209,Norman Wells,CA,2022-05-06 22:23:33,65.282,-126.8329,42.84,52,100,6.91,overcast clouds
210,Saint-Philippe,RE,2022-05-06 22:22:37,-21.3585,55.7679,71.19,80,48,15.05,light rain
211,Lagos,NG,2022-05-06 22:23:34,6.5833,3.75,77.32,93,100,3.74,overcast clouds
212,Evensk,RU,2022-05-06 22:23:34,61.95,159.2333,31.17,97,100,7.0,light snow
213,Saint Anthony,US,2022-05-06 22:23:35,45.0205,-93.218,72.84,24,0,10.36,clear sky
214,Belaya Gora,RU,2022-05-06 22:23:35,68.5333,146.4167,26.83,92,97,1.41,overcast clouds
215,Severo-Kurilsk,RU,2022-05-06 22:23:36,50.6789,156.125,41.86,82,73,8.05,broken clouds
216,Qingyuan,CN,2022-05-06 22:23:36,23.7,113.0333,75.18,87,100,2.44,overcast clouds
217,Fukue,JP,2022-05-06 22:23:37,32.6881,128.8419,66.29,92,95,4.38,overcast clouds
218,Mmabatho,ZA,2022-05-06 22:23:37,-25.85,25.6333,49.96,76,0,4.61,clear sky
219,Nanakuli,US,2022-05-06 22:23:38,21.3906,-158.1547,84.15,59,40,11.5,scattered clouds
220,Bara,NG,2022-05-06 22:23:38,10.3744,10.7288,86.02,48,89,7.29,overcast clouds
221,Kargasok,RU,2022-05-06 22:23:39,59.0556,80.8572,32.67,86,75,26.42,light snow
222,Nouakchott,MR,2022-05-06 22:23:39,18.0858,-15.9785,73.33,61,0,14.58,clear sky
223,Jurbarkas,LT,2022-05-06 22:23:40,55.0778,22.7664,43.45,95,12,5.91,few clouds
224,College,US,2022-05-06 22:19:11,64.8569,-147.8028,52.12,64,75,13.8,broken clouds
225,Adrar,MR,2022-05-06 22:23:41,20.5022,-10.0711,85.26,14,3,8.95,clear sky
226,Misratah,LY,2022-05-06 22:23:41,32.3754,15.0925,63.81,80,0,8.63,clear sky
227,Zhuhai,CN,2022-05-06 22:23:42,22.2769,113.5678,76.86,83,20,5.75,light rain
228,Szprotawa,PL,2022-05-06 22:23:42,51.5656,15.5366,55.63,73,86,2.68,overcast clouds
229,Tabou,CI,2022-05-06 22:23:43,4.423,-7.3528,81.48,81,66,9.31,broken clouds
230,Broken Hill,AU,2022-05-06 22:23:43,-31.95,141.4333,47.7,75,1,4.99,clear sky
231,North Bend,US,2022-05-06 22:23:44,43.4065,-124.2243,60.71,72,100,27.63,overcast clouds
232,Cuajinicuilapa,MX,2022-05-06 22:23:44,16.4667,-98.4167,91.71,35,6,9.73,clear sky
233,Bumba,CD,2022-05-06 22:23:45,2.1833,22.4667,72.95,89,100,1.86,overcast clouds
234,Piacabucu,BR,2022-05-06 22:23:45,-10.4056,-36.4344,77.41,79,21,7.72,few clouds
235,Acapulco,MX,2022-05-06 22:23:46,16.8634,-99.8901,85.82,66,40,11.5,scattered clouds
236,Conde,BR,2022-05-06 22:23:46,-7.2597,-34.9075,78.26,89,0,4.61,clear sky
237,Faanui,PF,2022-05-06 22:23:47,-16.4833,-151.75,81.45,73,3,3.51,light rain
238,Gallup,US,2022-05-06 22:23:48,35.5281,-108.7426,80.44,8,0,12.66,clear sky
239,La Ronge,CA,2022-05-06 22:23:48,55.1001,-105.2842,55.65,88,100,12.66,overcast clouds
240,Troitskoye,RU,2022-05-06 22:23:49,52.9821,84.6757,62.96,37,99,15.1,overcast clouds
241,Burnie,AU,2022-05-06 22:24:49,-41.0667,145.9167,49.95,89,56,14.07,moderate rain
242,Avera,US,2022-05-06 22:24:50,33.194,-82.5271,77.05,83,83,18.34,broken clouds
243,Fairbanks,US,2022-05-06 22:24:50,64.8378,-147.7164,52.21,65,40,13.8,scattered clouds
244,Roald,NO,2022-05-06 22:19:59,62.5833,6.1333,47.91,81,75,14.97,broken clouds
245,Coquimbo,CL,2022-05-06 22:24:51,-29.9533,-71.3436,56.93,88,75,10.36,broken clouds
246,Padang,ID,2022-05-06 22:24:51,-0.9492,100.3543,76.6,92,100,3.98,overcast clouds
247,Sinnamary,GF,2022-05-06 22:24:52,5.3833,-52.95,76.35,91,100,9.37,light rain
248,Liverpool,GB,2022-05-06 22:24:52,53.4106,-2.9779,55.29,96,75,10.36,broken clouds
249,Varkkallai,IN,2022-05-06 22:24:53,8.7341,76.7067,80.38,87,21,5.79,few clouds
250,San Pedro,PH,2022-05-06 22:24:53,14.35,121.0167,83.32,74,20,3.44,few clouds
251,Huarmey,PE,2022-05-06 22:24:54,-10.0681,-78.1522,70.16,76,6,10.25,clear sky
252,Minas,UY,2022-05-06 22:24:54,-34.3759,-55.2377,58.24,80,1,1.41,clear sky
253,Mahajanga,MG,2022-05-06 22:24:55,-15.7167,46.3167,75.22,88,20,2.3,few clouds
254,Tacuarembo,UY,2022-05-06 22:24:55,-31.7333,-55.9833,64.18,73,98,2.55,overcast clouds
255,Half Moon Bay,US,2022-05-06 22:24:04,37.4636,-122.4286,76.78,78,100,19.57,mist
256,Kaeo,NZ,2022-05-06 22:24:56,-35.1,173.7833,64.33,90,3,5.7,clear sky
257,Ilulissat,GL,2022-05-06 22:21:25,69.2167,-51.1,21.45,80,8,5.28,clear sky
258,Saint Augustine,US,2022-05-06 22:24:57,29.8947,-81.3145,88.02,51,0,14.97,clear sky
259,Mathbaria,BD,2022-05-06 22:24:58,22.2876,89.9593,78.98,86,6,3.62,clear sky
260,Baculin,PH,2022-05-06 22:24:58,7.4525,126.5842,78.91,87,35,6.51,scattered clouds
261,Polunochnoye,RU,2022-05-06 22:24:59,60.8697,60.4153,23.0,86,20,2.82,few clouds
262,Usinsk,RU,2022-05-06 22:24:18,65.9939,57.5281,23.45,83,94,11.7,overcast clouds
263,Tucuman,AR,2022-05-06 22:24:38,-26.8241,-65.2226,64.4,72,98,5.75,overcast clouds
264,Bilma,NE,2022-05-06 22:25:00,18.6853,12.9164,92.44,11,56,8.16,broken clouds
265,Silifke,TR,2022-05-06 22:25:00,36.3778,33.9344,62.8,51,50,19.01,scattered clouds
266,Qujing,CN,2022-05-06 22:25:01,25.4833,103.7833,53.56,87,8,2.13,clear sky
267,Pudozh,RU,2022-05-06 22:25:01,61.8099,36.5345,41.23,92,41,6.58,scattered clouds
268,Mbandaka,CD,2022-05-06 22:25:02,0.0487,18.2603,71.6,91,100,3.31,overcast clouds
269,Kodiak,US,2022-05-06 22:23:52,57.79,-152.4072,45.91,76,100,11.5,light rain
270,Dehra Dun,IN,2022-05-06 22:24:46,30.3167,78.0333,72.9,38,0,6.26,clear sky
271,Temba,ZA,2022-05-06 22:25:03,-25.3803,28.2631,55.42,46,0,0.65,clear sky
272,Abidjan,CI,2022-05-06 22:24:56,5.3094,-4.0197,80.2,84,99,19.82,heavy intensity rain
273,Huntingdon,GB,2022-05-06 22:24:53,52.3305,-0.1865,57.9,80,100,7.85,overcast clouds
274,Wajir,KE,2022-05-06 22:25:03,1.7471,40.0573,77.34,75,77,13.58,broken clouds
275,Anshun,CN,2022-05-06 22:25:04,26.25,105.9333,59.16,97,100,1.66,overcast clouds
276,Necochea,AR,2022-05-06 22:25:04,-38.5473,-58.7368,57.87,74,28,4.16,scattered clouds
277,Ukiah,US,2022-05-06 22:25:05,39.1502,-123.2078,68.43,64,100,4.61,overcast clouds
278,Dandong,CN,2022-05-06 22:25:05,40.1292,124.3947,48.24,48,25,8.1,scattered clouds
279,Punta Alta,AR,2022-05-06 22:21:46,-38.8759,-62.0736,62.11,53,9,3.76,clear sky
280,Grants,US,2022-05-06 22:23:43,35.1473,-107.8514,80.83,7,0,12.66,clear sky
281,La Macarena,CO,2022-05-06 22:25:06,2.1837,-73.7849,79.99,74,58,3.65,broken clouds
282,Waterloo,CA,2022-05-06 22:24:57,43.4668,-80.5164,59.49,48,75,16.11,broken clouds
283,Faya,SA,2022-05-06 22:25:07,18.3851,42.4509,66.31,62,1,2.19,clear sky
284,Raga,SS,2022-05-06 22:25:08,8.4596,25.678,79.75,61,93,5.5,overcast clouds
285,Qaanaaq,GL,2022-05-06 22:20:22,77.484,-69.3632,18.81,77,100,3.13,overcast clouds
286,Bagotville,AU,2022-05-06 22:25:09,-28.9833,153.4167,66.02,99,100,6.15,overcast clouds
287,Fortuna,US,2022-05-06 22:22:53,40.5982,-124.1573,63.52,72,100,9.22,overcast clouds
288,Tautira,PF,2022-05-06 22:24:57,-17.7333,-149.15,81.07,78,22,5.91,few clouds
289,Tabuk,PH,2022-05-06 22:26:10,17.4189,121.4443,74.34,86,48,3.8,scattered clouds
290,Shimoda,JP,2022-05-06 22:26:10,34.6667,138.95,60.1,82,92,11.65,overcast clouds
291,Puerto Escondido,MX,2022-05-06 22:26:11,15.85,-97.0667,85.03,70,0,9.22,clear sky
292,Rio Grande,BR,2022-05-06 22:21:42,-32.035,-52.0986,57.31,75,18,4.99,few clouds
293,Roma,US,2022-05-06 22:26:11,43.2128,-75.4557,63.57,44,0,5.75,clear sky
294,Cairns,AU,2022-05-06 22:25:20,-16.9167,145.7667,80.11,85,99,8.05,overcast clouds
295,Gravdal,NO,2022-05-06 22:26:12,68.1214,13.5031,42.69,70,75,27.63,broken clouds
296,Bridlington,GB,2022-05-06 22:26:13,54.0831,-0.1919,55.89,94,100,5.44,overcast clouds
297,Thompson,CA,2022-05-06 22:24:53,55.7435,-97.8558,66.36,42,75,12.66,broken clouds
298,Praya,CV,2022-05-06 22:26:14,14.9215,-23.5087,73.94,73,0,11.5,clear sky
299,Berlevag,NO,2022-05-06 22:26:14,70.8578,29.0864,39.0,89,100,7.7,overcast clouds
300,Tapejara,BR,2022-05-06 22:26:15,-28.0681,-52.0139,55.13,83,100,3.67,overcast clouds
301,Bondo,CD,2022-05-06 22:26:16,3.8146,23.6866,70.25,99,100,1.57,light rain
302,Talagang,PK,2022-05-06 22:26:16,32.9297,72.4158,81.1,27,0,1.01,clear sky
303,Senanga,ZM,2022-05-06 22:26:17,-16.1167,23.2667,67.98,55,79,4.83,broken clouds
304,Port Hardy,CA,2022-05-06 22:23:52,50.6996,-127.4199,51.98,66,40,11.5,scattered clouds
305,Vitim,RU,2022-05-06 22:26:17,59.4511,112.5578,35.55,83,31,2.84,scattered clouds
306,Cangzhou,CN,2022-05-06 22:26:18,38.3167,116.8667,48.15,66,21,6.35,few clouds
307,Emerald,AU,2022-05-06 22:26:19,-23.5333,148.1667,66.34,68,100,13.8,overcast clouds
308,Ilo,PE,2022-05-06 22:26:19,-17.6394,-71.3375,66.16,80,61,5.48,broken clouds
309,Swinoujscie,PL,2022-05-06 22:26:20,53.9105,14.2471,54.12,75,90,8.08,overcast clouds
310,Eidfjord,NO,2022-05-06 22:26:20,60.4675,7.0719,45.82,100,100,4.68,overcast clouds
311,Aykhal,RU,2022-05-06 22:26:21,66.0,111.5,22.86,84,100,0.6,overcast clouds
312,General Pico,AR,2022-05-06 22:26:21,-35.6566,-63.7568,64.47,39,0,6.44,clear sky
313,Juba,SS,2022-05-06 22:26:22,4.8517,31.5825,78.12,64,72,5.35,broken clouds
314,Prince Rupert,CA,2022-05-06 22:24:56,54.3161,-130.3201,48.29,70,0,9.22,clear sky
315,Norilsk,RU,2022-05-06 22:26:22,69.3535,88.2027,6.75,97,100,2.64,overcast clouds
316,Laguna,US,2022-05-06 22:26:23,38.421,-121.4238,78.46,55,0,12.66,clear sky
317,Coahuayana,MX,2022-05-06 22:26:23,18.7333,-103.6833,86.45,49,83,8.16,broken clouds
318,Inhambane,MZ,2022-05-06 22:26:24,-23.865,35.3833,70.25,86,0,3.18,clear sky
319,Missoula,US,2022-05-06 22:26:24,47.0166,-113.8009,48.56,72,78,5.37,light rain
320,Vardo,NO,2022-05-06 22:24:31,70.3705,31.1107,39.2,91,99,13.71,overcast clouds
321,Kashan,IR,2022-05-06 22:26:25,33.9831,51.4364,78.39,23,0,9.22,clear sky
322,Pangnirtung,CA,2022-05-06 22:26:26,66.1451,-65.7125,14.0,85,20,8.05,few clouds
323,Andra,RU,2022-05-06 22:26:26,62.5147,65.8878,22.41,90,9,7.14,clear sky
324,Mont-Dore,NC,2022-05-06 22:26:27,-22.2833,166.5833,78.01,99,33,11.88,scattered clouds
325,Paamiut,GL,2022-05-06 22:26:27,61.994,-49.6678,32.61,97,100,1.34,overcast clouds
326,Boden,SE,2022-05-06 22:26:28,65.8252,21.6886,41.0,74,100,9.62,overcast clouds
327,Wang Saphung,TH,2022-05-06 22:26:28,17.301,101.7685,76.1,88,91,1.36,overcast clouds
328,Scottsbluff,US,2022-05-06 22:26:29,41.8666,-103.6672,80.83,21,0,21.85,clear sky
329,Sola,VU,2022-05-06 22:26:29,-13.8833,167.55,81.79,74,56,20.29,broken clouds
330,Katobu,ID,2022-05-06 22:26:30,-4.9408,122.5276,75.56,95,39,3.89,scattered clouds
331,Katsuura,JP,2022-05-06 22:26:30,35.1333,140.3,64.42,82,99,14.76,overcast clouds
332,Mantua,IT,2022-05-06 22:26:31,45.1667,10.7833,56.35,89,100,1.01,light rain
333,Dubbo,AU,2022-05-06 22:25:34,-32.25,148.6167,41.13,67,3,3.44,clear sky
334,Oktyabrskiy,RU,2022-05-06 22:26:31,54.4815,53.471,36.66,67,13,4.18,few clouds
335,Pathein,MM,2022-05-06 22:26:32,16.7833,94.7333,79.79,82,100,3.51,overcast clouds
336,Pacasmayo,PE,2022-05-06 22:27:33,-7.4006,-79.5714,68.45,78,27,14.09,scattered clouds
337,Koumac,NC,2022-05-06 22:27:34,-20.5667,164.2833,76.91,70,0,6.24,clear sky
338,Chuy,UY,2022-05-06 22:27:34,-33.6971,-53.4616,59.11,80,0,0.07,clear sky
339,Bandarbeyla,SO,2022-05-06 22:27:35,9.4942,50.8122,81.3,90,25,8.3,scattered clouds
340,Megion,RU,2022-05-06 22:27:36,61.0296,76.1136,26.62,89,100,35.03,snow
341,Mossendjo,CG,2022-05-06 22:27:36,-2.9506,12.7261,70.77,98,100,2.17,moderate rain
342,Aswan,EG,2022-05-06 22:26:58,24.0934,32.907,74.5,13,0,6.91,clear sky
343,Eureka,US,2022-05-06 22:24:52,40.8021,-124.1637,63.79,84,100,5.99,overcast clouds
344,Porto Santo,PT,2022-05-06 22:27:37,33.072,-16.3415,62.98,77,20,5.75,few clouds
345,Iquique,CL,2022-05-06 22:27:38,-20.2208,-70.1431,62.64,79,11,6.76,few clouds
346,Ossora,RU,2022-05-06 22:27:38,59.2353,163.0719,31.57,96,100,2.62,overcast clouds
347,Port Lincoln,AU,2022-05-06 22:24:56,-34.7333,135.8667,52.95,63,38,6.04,scattered clouds
348,Harper,LR,2022-05-06 22:27:39,4.375,-7.7169,81.32,83,96,7.85,light rain
349,Cherdyn,RU,2022-05-06 22:27:40,60.403,56.4787,27.68,92,63,4.59,broken clouds
350,Hakkari,TR,2022-05-06 22:27:40,37.5833,44.1667,37.18,100,75,1.14,broken clouds
351,Astorga,BR,2022-05-06 22:27:41,-23.2325,-51.6656,66.43,76,41,4.36,scattered clouds
352,Iaciara,BR,2022-05-06 22:27:41,-14.0958,-46.6317,79.03,56,84,2.68,broken clouds
353,Shenjiamen,CN,2022-05-06 22:27:42,29.9576,122.298,63.34,95,45,3.74,scattered clouds
354,Vilhena,BR,2022-05-06 22:27:42,-12.7406,-60.1458,79.02,61,0,6.91,clear sky
355,Westport,US,2022-05-06 22:24:49,41.1415,-73.3579,55.94,92,100,1.01,moderate rain
356,Angoche,MZ,2022-05-06 22:27:43,-16.2325,39.9086,73.26,83,5,6.96,clear sky
357,Nhlangano,SZ,2022-05-06 22:27:43,-27.1167,31.2,53.8,70,0,4.12,clear sky
358,Mount Gambier,AU,2022-05-06 22:27:44,-37.8333,140.7667,49.91,93,75,9.22,light rain
359,Biak,ID,2022-05-06 22:27:44,-0.9131,122.8766,76.51,84,46,1.12,scattered clouds
360,Haines Junction,CA,2022-05-06 22:27:45,60.7522,-137.5108,49.95,32,84,10.36,broken clouds
361,Verkhoyansk,RU,2022-05-06 22:27:45,67.5447,133.385,25.88,85,80,8.86,broken clouds
362,Meybod,IR,2022-05-06 22:26:15,32.2501,54.0166,68.02,45,99,4.76,overcast clouds
363,Beringovskiy,RU,2022-05-06 22:27:46,63.05,179.3167,31.51,86,100,6.53,overcast clouds
364,The Pas,CA,2022-05-06 22:24:56,53.8251,-101.2541,59.02,63,75,26.46,broken clouds
365,Alugan,PH,2022-05-06 22:27:47,12.2188,125.4808,80.89,83,29,11.52,scattered clouds
366,Waipawa,NZ,2022-05-06 22:27:48,-41.4122,175.5153,57.85,73,12,5.28,few clouds
367,Lobito,AO,2022-05-06 22:27:48,-12.3481,13.5456,77.74,77,76,2.73,broken clouds
368,Cayenne,GF,2022-05-06 22:25:20,4.9333,-52.3333,78.1,1,75,1.99,broken clouds
369,Turinsk,RU,2022-05-06 22:27:49,58.0458,63.696,28.85,88,47,7.92,scattered clouds
370,Mehamn,NO,2022-05-06 22:27:49,71.0357,27.8492,37.35,87,75,14.97,broken clouds
371,Khorramshahr,IR,2022-05-06 22:27:50,30.4397,48.1664,82.36,30,0,9.22,clear sky
372,Lanzhou,CN,2022-05-06 22:27:50,36.0564,103.7922,65.79,51,3,2.1,clear sky
373,Vyazemskiy,RU,2022-05-06 22:27:51,47.5378,134.7525,46.78,56,94,2.57,overcast clouds
374,Parkes,AU,2022-05-06 22:27:51,-33.1333,148.1833,44.53,68,50,3.27,scattered clouds
375,Tambura,SS,2022-05-06 22:27:52,5.6,27.4667,71.06,93,98,3.49,overcast clouds
376,Talcahuano,CL,2022-05-06 22:27:52,-36.7167,-73.1167,56.88,88,0,12.66,clear sky
377,Kuznetsk,RU,2022-05-06 22:27:53,53.1167,46.6004,35.73,60,2,2.95,clear sky
378,Kostomuksha,RU,2022-05-06 22:27:53,64.571,30.5767,37.71,90,28,6.71,scattered clouds
379,Altay,CN,2022-05-06 22:27:53,47.8667,88.1167,52.56,64,0,5.19,clear sky
380,Kirovo-Chepetsk,RU,2022-05-06 22:27:54,58.5539,50.0399,36.36,82,62,6.11,broken clouds
381,Thinadhoo,MV,2022-05-06 22:28:54,0.5333,72.9333,83.64,77,61,15.99,moderate rain
382,Mucuri,BR,2022-05-06 22:28:55,-18.0864,-39.5508,76.08,86,57,11.41,broken clouds
383,Marathon,US,2022-05-06 22:25:34,44.9,-89.7668,67.95,28,40,4.61,scattered clouds
384,Biltine,TD,2022-05-06 22:28:56,14.5333,20.9167,89.73,11,22,10.07,few clouds
385,Tarakan,ID,2022-05-06 22:28:56,3.3,117.6333,78.3,94,40,3.44,scattered clouds
386,Labuhan,ID,2022-05-06 22:28:57,-6.8844,112.2051,78.22,89,66,4.97,broken clouds
387,Ahipara,NZ,2022-05-06 22:28:57,-35.1667,173.1667,64.04,63,0,3.29,clear sky
388,Axim,GH,2022-05-06 22:28:58,4.8699,-2.2405,75.29,89,100,2.15,moderate rain
389,Kirakira,SB,2022-05-06 22:28:58,-10.4544,161.9205,84.16,74,30,8.28,scattered clouds
390,Zanzibar,TZ,2022-05-06 22:28:59,-6.1639,39.1979,74.98,93,86,8.99,moderate rain
391,Sitka,US,2022-05-06 22:28:59,57.0531,-135.33,48.09,66,40,4.61,scattered clouds
392,Whyalla,AU,2022-05-06 22:29:00,-33.0333,137.5833,40.89,100,14,9.22,few clouds
393,Mayumba,GA,2022-05-06 22:29:01,-3.432,10.6554,78.49,91,99,3.98,overcast clouds
394,Warman,CA,2022-05-06 22:24:56,52.3168,-106.5679,55.31,67,75,11.5,broken clouds
395,Muborak,UZ,2022-05-06 22:29:01,39.2553,65.1528,78.13,34,57,8.77,broken clouds
396,Kahului,US,2022-05-06 22:29:02,20.8947,-156.47,82.42,68,40,27.63,scattered clouds
397,Blagoyevo,RU,2022-05-06 22:29:02,63.3667,47.9167,41.11,93,99,7.61,overcast clouds
398,Belaya Rechka,RU,2022-05-06 22:29:03,43.4381,43.535,39.63,93,75,2.24,light intensity shower rain
399,Zhangjiakou,CN,2022-05-06 22:29:03,40.81,114.8794,48.09,23,98,4.74,light rain
400,Great Bend,US,2022-05-06 22:28:33,38.3645,-98.7648,77.61,53,0,12.66,clear sky
401,Vezirkopru,TR,2022-05-06 22:29:04,41.1436,35.4547,50.49,93,100,4.14,overcast clouds
402,Pontes E Lacerda,BR,2022-05-06 22:29:04,-15.2261,-59.3353,70.65,63,0,3.56,clear sky
403,Nipawin,CA,2022-05-06 22:29:05,53.3668,-104.0009,64.44,48,40,20.71,scattered clouds
404,Nizhniy Kuranakh,RU,2022-05-06 22:29:05,58.8353,125.4869,29.05,91,71,2.95,broken clouds
405,Guerrero Negro,MX,2022-05-06 22:29:06,27.9769,-114.0611,70.57,59,5,18.05,clear sky
406,Bathsheba,BB,2022-05-06 22:28:46,13.2167,-59.5167,81.21,78,20,14.97,few clouds
407,Marakkanam,IN,2022-05-06 22:29:07,12.2,79.95,84.45,82,31,10.16,scattered clouds
408,Chippewa Falls,US,2022-05-06 22:29:07,44.9369,-91.3929,72.37,27,0,11.5,clear sky
409,Jurado,CO,2022-05-06 22:29:08,7.1053,-77.7641,76.59,91,100,2.26,overcast clouds
410,Den Helder,NL,2022-05-06 22:29:08,52.9599,4.7593,55.02,87,100,5.99,mist
411,Lensk,RU,2022-05-06 22:26:29,60.7253,114.9278,35.71,87,32,3.76,scattered clouds
412,Yagoua,CM,2022-05-06 22:29:09,10.3411,15.2329,93.87,31,90,5.97,overcast clouds
413,Guarapari,BR,2022-05-06 22:29:09,-20.6667,-40.4975,73.63,78,69,8.79,broken clouds
414,Latur,IN,2022-05-06 22:29:10,18.4,76.5833,87.37,24,83,11.79,broken clouds
415,Lubango,AO,2022-05-06 22:25:25,-14.9172,13.4925,58.96,42,3,3.04,clear sky
416,Vanavara,RU,2022-05-06 22:29:10,60.34,102.2797,31.33,91,39,2.66,scattered clouds
417,San Lorenzo,PY,2022-05-06 22:29:11,-25.3333,-57.5333,68.94,78,0,4.61,clear sky
418,Manama,BH,2022-05-06 22:29:12,26.2154,50.5832,91.58,31,0,12.66,clear sky
419,Sioux Lookout,CA,2022-05-06 22:29:12,50.1001,-91.917,64.47,27,40,8.05,scattered clouds
420,San Cristobal,VE,2022-05-06 22:29:13,7.7669,-72.225,68.18,86,83,3.42,broken clouds
421,Porlamar,VE,2022-05-06 22:29:13,10.958,-63.8491,82.49,69,100,23.02,overcast clouds
422,Ketchikan,US,2022-05-06 22:29:14,55.3422,-131.6461,46.87,71,40,9.22,scattered clouds
423,Virginia Beach,US,2022-05-06 22:26:58,36.8529,-75.978,72.01,92,100,12.66,thunderstorm
424,Nome,US,2022-05-06 22:29:14,64.5011,-165.4064,35.17,86,100,9.22,overcast clouds
425,Fukuma,JP,2022-05-06 22:29:15,33.7667,130.4667,67.28,91,100,1.3,overcast clouds
426,Elat,IL,2022-05-06 22:26:57,29.5581,34.9482,66.04,42,0,5.75,clear sky
427,Yamada,JP,2022-05-06 22:29:15,39.4667,141.95,58.6,74,4,11.32,clear sky
428,Comarapa,BO,2022-05-06 22:29:16,-17.9,-64.4833,52.83,81,3,3.69,clear sky
429,Sal Rei,CV,2022-05-06 22:30:17,16.1833,-22.9167,70.9,82,22,16.62,few clouds
430,Roblin,CA,2022-05-06 22:30:17,51.23,-101.3565,60.51,71,100,18.03,overcast clouds
431,Usoke,TZ,2022-05-06 22:30:18,-5.1667,32.35,63.41,73,92,3.51,overcast clouds
432,Cabedelo,BR,2022-05-06 22:30:18,-6.9811,-34.8339,79.47,84,27,12.93,light rain
433,Lashio,MM,2022-05-06 22:30:19,22.9333,97.75,65.52,84,47,1.79,scattered clouds
434,Mondlo,ZA,2022-05-06 22:30:20,-27.983,30.7177,52.83,54,0,4.81,clear sky
435,Ust-Kuyga,RU,2022-05-06 22:30:21,70.0167,135.6,24.42,92,94,8.32,overcast clouds
436,Soyo,AO,2022-05-06 22:30:21,-6.1349,12.3689,77.63,92,44,3.13,light rain
437,Xiuyan,CN,2022-05-06 22:30:22,40.2928,123.2744,52.32,27,2,13.33,clear sky
438,Najran,SA,2022-05-06 22:30:22,17.4924,44.1277,77.65,39,41,3.44,scattered clouds
439,Verkhnyaya Inta,RU,2022-05-06 22:30:23,65.9811,60.3094,21.36,82,47,7.2,scattered clouds
440,Kabalo,CD,2022-05-06 22:30:24,-6.05,26.9167,70.21,93,100,2.98,light rain
441,Sakakah,SA,2022-05-06 22:30:24,29.9697,40.2064,62.17,39,0,9.26,clear sky
442,Price,US,2022-05-06 22:30:25,39.5994,-110.8107,78.12,10,0,18.41,clear sky
443,Aviles,ES,2022-05-06 22:28:21,43.5547,-5.9248,55.92,87,0,4.61,clear sky
444,Kenora,CA,2022-05-06 22:30:19,49.8167,-94.4337,68.97,22,40,9.22,scattered clouds
445,Celestun,MX,2022-05-06 22:30:26,20.8667,-90.4,83.97,75,56,15.3,broken clouds
446,Kitimat,CA,2022-05-06 22:30:26,54.0524,-128.6534,54.91,52,88,3.0,overcast clouds
447,Hami,CN,2022-05-06 22:27:47,42.8,93.45,69.35,37,100,9.55,overcast clouds
448,Chiredzi,ZW,2022-05-06 22:30:27,-21.05,31.6667,63.55,59,0,3.85,clear sky
449,Srednekolymsk,RU,2022-05-06 22:26:51,67.45,153.6833,28.54,93,100,11.54,light snow
450,Maine-Soroa,NE,2022-05-06 22:30:27,13.2114,12.0241,87.1,35,98,8.12,overcast clouds
451,Sao Filipe,CV,2022-05-06 22:27:03,14.8961,-24.4956,73.72,79,1,10.22,clear sky
452,Dali,CN,2022-05-06 22:30:28,25.7,100.1833,55.98,83,6,3.04,clear sky
453,Basco,PH,2022-05-06 22:30:29,20.4487,121.9702,82.85,75,97,14.25,overcast clouds
454,San Joaquin,US,2022-05-06 22:30:29,37.9333,-121.3011,79.54,47,75,11.5,broken clouds
455,Tura,IN,2022-05-06 22:30:30,25.5198,90.2201,70.59,83,5,3.2,clear sky
456,Presidencia Roque Saenz Pena,AR,2022-05-06 22:30:30,-26.7852,-60.4388,66.36,77,100,6.15,overcast clouds
457,Bedele,ET,2022-05-06 22:30:31,8.456,36.353,60.85,72,69,3.04,broken clouds
458,Aljezur,PT,2022-05-06 22:30:31,37.3191,-8.8033,58.59,79,95,7.43,overcast clouds
459,San Policarpo,PH,2022-05-06 22:30:32,12.1791,125.5072,82.2,81,25,12.48,scattered clouds
460,Gabrovo,BG,2022-05-06 22:30:32,42.8747,25.3342,45.68,81,16,4.16,few clouds
461,Hargeysa,SO,2022-05-06 22:30:33,9.56,44.065,74.34,54,11,5.82,few clouds
462,Harindanga,IN,2022-05-06 22:30:33,22.0383,88.3214,81.07,81,0,4.97,clear sky
463,Yanam,IN,2022-05-06 22:30:34,16.7333,82.2167,80.62,85,78,1.19,broken clouds
464,Killybegs,IE,2022-05-06 22:30:34,54.6333,-8.45,49.42,94,15,3.83,few clouds
465,Husavik,IS,2022-05-06 22:29:00,66.0449,-17.3389,32.68,74,66,4.63,broken clouds
466,Talnakh,RU,2022-05-06 22:26:35,69.4865,88.3972,6.53,95,99,3.24,overcast clouds
467,Gornyy,RU,2022-05-06 22:30:35,55.1153,83.9059,42.89,47,81,22.19,broken clouds
468,Rimouski,CA,2022-05-06 22:28:26,48.4488,-68.524,46.08,50,54,2.98,broken clouds
469,Muswellbrook,AU,2022-05-06 22:30:19,-32.2667,150.9,51.33,59,18,5.41,few clouds
470,Nioro,GM,2022-05-06 22:30:36,13.35,-15.75,88.45,24,4,13.38,clear sky
471,Vestmannaeyjar,IS,2022-05-06 22:30:37,63.4427,-20.2734,41.23,64,60,14.41,broken clouds
472,Bilibino,RU,2022-05-06 22:30:37,68.0546,166.4372,32.76,99,100,7.0,light snow
473,Port Macquarie,AU,2022-05-06 22:31:38,-31.4333,152.9167,60.89,74,79,4.92,broken clouds
474,Preston,GB,2022-05-06 22:31:39,53.7667,-2.7167,54.32,94,99,1.01,overcast clouds
475,Calbuco,CL,2022-05-06 22:31:39,-41.768,-73.1273,58.21,87,97,2.06,overcast clouds
476,Slonim,BY,2022-05-06 22:31:40,53.0867,25.3219,49.55,98,83,4.97,broken clouds
477,Lanas,PH,2022-05-06 22:31:40,12.0495,121.9185,83.68,76,15,20.49,few clouds
478,Freeport,US,2022-05-06 22:31:41,40.6576,-73.5832,53.15,81,100,9.22,moderate rain
479,Morros,BR,2022-05-06 22:31:41,-9.4467,-46.3003,80.83,46,90,3.62,overcast clouds
480,Urucara,BR,2022-05-06 22:31:41,-2.5364,-57.76,75.45,96,94,2.01,moderate rain
481,Kharopon,GR,2022-05-06 22:31:42,41.2667,23.3833,56.32,79,100,0.18,overcast clouds
482,Sobolevo,RU,2022-05-06 22:31:42,54.4299,31.8996,44.83,77,100,8.08,overcast clouds
483,Vila Franca Do Campo,PT,2022-05-06 22:31:43,37.7167,-25.4333,68.2,92,100,9.1,overcast clouds
484,Cruzeiro Do Sul,BR,2022-05-06 22:31:43,-29.5128,-51.9853,60.53,89,78,0.4,broken clouds
485,Surt,LY,2022-05-06 22:31:44,31.2089,16.5887,64.67,84,13,13.24,few clouds
486,Iquitos,PE,2022-05-06 22:31:44,-3.7481,-73.2472,78.84,78,75,5.75,broken clouds
487,Feijo,BR,2022-05-06 22:31:44,-8.1642,-70.3536,77.27,80,91,0.54,overcast clouds
488,Nuevitas,CU,2022-05-06 22:31:45,21.5453,-77.2644,78.85,75,35,4.76,scattered clouds
489,Buala,SB,2022-05-06 22:31:45,-8.145,159.5921,84.07,75,81,9.91,light rain
490,Neepawa,CA,2022-05-06 22:31:46,50.2289,-99.4664,59.4,75,100,14.18,light rain
491,Nicoya,CR,2022-05-06 22:31:47,10.1483,-85.452,82.87,71,85,1.14,overcast clouds
492,Severodvinsk,RU,2022-05-06 22:31:47,64.5635,39.8302,41.11,94,22,8.25,few clouds
493,Teya,RU,2022-05-06 22:31:47,60.3778,92.6267,37.63,87,64,5.39,broken clouds
494,Upata,VE,2022-05-06 22:31:49,8.0086,-62.3989,74.41,85,99,4.34,overcast clouds
495,Porto Novo,BJ,2022-05-06 22:31:50,6.4965,2.6036,75.04,88,98,2.89,overcast clouds
496,Aiquile,BO,2022-05-06 22:31:50,-18.2041,-65.1807,55.58,69,0,2.93,clear sky
497,Soe,ID,2022-05-06 22:31:51,-9.8607,124.284,69.8,86,40,4.68,scattered clouds
498,Anadyr,RU,2022-05-06 22:31:51,64.75,177.4833,32.5,80,75,11.18,broken clouds
499,Mazagao,BR,2022-05-06 22:31:52,-0.115,-51.2894,82.45,96,100,4.23,overcast clouds
500,Svetlyy,RU,2022-05-06 22:31:52,54.675,20.1347,43.97,88,0,7.67,clear sky
501,Chinhoyi,ZW,2022-05-06 22:31:53,-17.3667,30.2,64.54,74,65,3.67,broken clouds
502,Chaman,PK,2022-05-06 22:31:53,30.9236,66.4512,72.59,16,0,3.65,clear sky
503,Hovd,MN,2022-05-06 22:31:54,48.0056,91.6419,51.31,39,0,3.74,clear sky
504,Sinazongwe,ZM,2022-05-06 22:31:54,-17.2614,27.4618,74.8,56,99,1.1,overcast clouds
505,Maniitsoq,GL,2022-05-06 22:31:55,65.4167,-52.9,26.85,77,1,3.15,clear sky
506,Dallas,US,2022-05-06 22:28:17,32.7668,-96.7836,89.67,47,0,9.22,clear sky
507,Nemuro,JP,2022-05-06 22:31:56,43.3236,145.575,45.91,92,51,16.75,broken clouds
508,Aghavnadzor,AM,2022-05-06 22:31:56,39.7822,45.2275,45.25,80,43,5.08,scattered clouds
509,Luanda,AO,2022-05-06 22:29:14,-8.8368,13.2343,76.98,88,10,6.64,clear sky
510,Port Shepstone,ZA,2022-05-06 22:31:57,-30.7414,30.455,69.19,69,0,6.85,clear sky
511,Naze,JP,2022-05-06 22:31:57,28.3667,129.4833,72.52,82,98,10.6,overcast clouds
512,Pirai Do Sul,BR,2022-05-06 22:31:58,-24.5261,-49.9486,53.56,89,8,2.55,clear sky
513,Demba,CD,2022-05-06 22:31:58,-5.51,22.2667,72.91,74,100,2.44,overcast clouds
514,Khandyga,RU,2022-05-06 22:31:59,62.6667,135.6,31.87,87,82,4.14,broken clouds
515,North Battleford,CA,2022-05-06 22:31:59,52.7834,-108.2847,58.41,58,20,23.02,few clouds
516,Rock Hill,US,2022-05-06 22:29:31,34.9249,-81.0251,78.98,78,75,17.27,broken clouds
517,Fernley,US,2022-05-06 22:31:29,39.608,-119.2518,76.75,25,43,8.99,scattered clouds
518,Murray Bridge,AU,2022-05-06 22:32:00,-35.1167,139.2667,55.13,66,75,8.5,broken clouds
519,Middelburg,ZA,2022-05-06 22:30:52,-25.7751,29.4648,54.79,46,0,2.42,clear sky
520,Pangai,TO,2022-05-06 22:29:54,-19.8,-174.35,78.91,78,75,4.61,broken clouds
521,Nyurba,RU,2022-05-06 22:33:01,63.2842,118.3319,37.83,92,100,5.01,overcast clouds
522,Caravelas,BR,2022-05-06 22:32:35,-17.7125,-39.2481,75.25,87,64,2.66,broken clouds
523,Oliveira Dos Brejinhos,BR,2022-05-06 22:33:02,-12.3169,-42.8961,79.84,47,54,8.48,broken clouds
524,Buin,CL,2022-05-06 22:33:02,-33.7333,-70.75,75.52,45,0,3.8,clear sky
525,Tamandare,BR,2022-05-06 22:33:03,-8.7597,-35.1047,78.4,83,96,7.63,overcast clouds
526,Kropotkin,RU,2022-05-06 22:33:03,45.4375,40.5756,45.34,69,100,12.68,overcast clouds
527,Svetlogorsk,BY,2022-05-06 22:33:04,52.6333,29.7333,46.06,73,98,8.95,overcast clouds
528,Namwala,ZM,2022-05-06 22:33:04,-15.7504,26.4384,67.12,64,97,3.31,overcast clouds
529,Atar,MR,2022-05-06 22:33:05,20.5169,-13.0499,86.94,11,1,6.31,clear sky
530,Margherita,IN,2022-05-06 22:33:05,27.2833,95.6833,71.22,81,4,2.17,clear sky
531,Saint-Paul,RE,2022-05-06 22:33:06,-21.0096,55.2707,73.49,74,49,6.69,scattered clouds
532,Seaford,GB,2022-05-06 22:31:01,50.7714,0.1027,58.55,85,100,5.01,overcast clouds
533,Dunedin,NZ,2022-05-06 22:28:30,-45.8742,170.5036,57.79,77,89,3.0,overcast clouds
534,Kamaishi,JP,2022-05-06 22:33:06,39.2667,141.8833,58.89,75,17,12.55,few clouds
535,Hay River,CA,2022-05-06 22:30:19,60.8156,-115.7999,42.78,70,100,11.5,light rain
536,Semily,CZ,2022-05-06 22:33:07,50.6019,15.3355,52.54,84,100,2.82,overcast clouds
537,Tual,ID,2022-05-06 22:33:07,-5.6667,132.75,85.17,71,100,20.4,overcast clouds
538,Yacuiba,BO,2022-05-06 22:33:07,-22.038,-63.6797,68.77,60,2,5.75,clear sky
539,Ballina,AU,2022-05-06 22:33:08,-28.8667,153.5667,66.16,93,100,9.22,overcast clouds
540,Isangel,VU,2022-05-06 22:33:08,-19.55,169.2667,78.6,69,58,16.44,broken clouds
541,Northam,GB,2022-05-06 22:33:09,51.0333,-4.2167,55.38,96,86,8.55,overcast clouds
542,Tromso,NO,2022-05-06 22:33:09,69.6496,18.957,45.37,76,75,19.57,broken clouds
543,Bud,US,2022-05-06 22:33:10,39.447,-86.1758,64.17,88,100,9.82,overcast clouds
544,Kenai,US,2022-05-06 22:33:10,60.5544,-151.2583,54.03,62,20,11.5,few clouds
545,Kemijarvi,FI,2022-05-06 22:33:11,66.7131,27.4306,37.56,83,72,12.66,broken clouds
546,Rajula,IN,2022-05-06 22:33:11,21.05,71.4333,83.59,54,0,10.11,clear sky
547,Bismarck,US,2022-05-06 22:33:12,46.8083,-100.7837,75.65,47,0,14.97,clear sky
548,Sechura,PE,2022-05-06 22:32:44,-5.5569,-80.8222,72.84,67,30,17.07,scattered clouds
549,Teluknaga,ID,2022-05-06 22:33:12,-6.0989,106.6381,80.64,94,40,5.75,haze
550,Key West,US,2022-05-06 22:29:35,24.5557,-81.7826,87.8,70,0,9.22,clear sky
551,Tuy Hoa,VN,2022-05-06 22:33:13,13.0833,109.3,76.55,91,90,2.37,overcast clouds
552,Spanaway,US,2022-05-06 22:33:13,47.104,-122.4346,54.97,83,75,5.75,moderate rain
553,Jinchang,CN,2022-05-06 22:33:14,38.4953,102.1739,55.11,36,85,2.75,overcast clouds
554,San Patricio,US,2022-05-06 22:33:14,28.017,-97.5169,95.72,57,1,17.27,clear sky
555,Twentynine Palms,US,2022-05-06 22:33:15,34.1356,-116.0542,94.06,11,24,15.59,few clouds
556,Santa Isabel,BR,2022-05-06 22:33:16,-23.3156,-46.2214,62.31,93,61,3.83,broken clouds
557,Hamina,FI,2022-05-06 22:33:16,60.5697,27.1979,45.68,86,60,6.73,broken clouds
558,Perth,AU,2022-05-06 22:28:56,-31.9333,115.8333,57.38,57,0,8.05,clear sky
559,Goderich,CA,2022-05-06 22:30:19,43.7501,-81.7165,64.72,36,84,17.27,broken clouds
560,North Platte,US,2022-05-06 22:33:17,41.1239,-100.7654,83.12,30,40,14.0,scattered clouds
561,Batticaloa,LK,2022-05-06 22:33:18,7.7102,81.6924,81.43,82,94,5.35,overcast clouds
562,Pacific Grove,US,2022-05-06 22:33:18,36.6177,-121.9166,74.44,80,75,13.8,broken clouds
563,Skibbereen,IE,2022-05-06 22:34:19,51.55,-9.2667,52.11,90,2,1.19,clear sky
564,Booue,GA,2022-05-06 22:34:19,-0.0921,11.9385,74.35,98,100,2.8,light rain
565,Nouadhibou,MR,2022-05-06 22:34:20,20.931,-17.0347,66.18,82,0,16.11,clear sky
566,Qaqortoq,GL,2022-05-06 22:34:21,60.7167,-46.0333,34.43,99,100,3.06,light snow
567,Purpe,RU,2022-05-06 22:32:14,64.4803,76.6897,16.97,85,100,27.09,overcast clouds
568,Gudari,IN,2022-05-06 22:34:21,19.35,83.7833,78.46,70,18,1.05,few clouds
569,Strelka,RU,2022-05-06 22:34:22,58.0728,93.0344,47.05,62,44,8.93,scattered clouds
570,Ormara,PK,2022-05-06 22:34:22,25.2088,64.6357,79.93,83,0,11.18,clear sky
571,Yumen,CN,2022-05-06 22:34:23,40.2833,97.2,55.11,15,100,6.62,overcast clouds
572,Mazatlan,MX,2022-05-06 22:34:23,23.2167,-106.4167,82.02,77,0,10.36,clear sky
573,Ahuimanu,US,2022-05-06 22:34:24,21.4447,-157.8378,83.91,72,100,19.57,overcast clouds
574,Ostrogozhsk,RU,2022-05-06 22:33:15,50.8664,39.0756,41.2,64,3,4.16,clear sky
575,Kidal,ML,2022-05-06 22:34:24,18.4411,1.4078,90.25,17,100,9.48,overcast clouds
576,Petrolina,BR,2022-05-06 22:34:25,-9.3986,-40.5008,84.25,45,0,8.05,light rain
577,Requena,ES,2022-05-06 22:30:20,39.4883,-1.1004,52.52,67,0,6.62,clear sky
578,Port Augusta,AU,2022-05-06 22:32:14,-32.5,137.7667,53.26,67,0,0.69,clear sky
579,Udachnyy,RU,2022-05-06 22:34:16,66.4167,112.4,26.46,62,100,0.96,overcast clouds
580,Ridgecrest,US,2022-05-06 22:34:26,35.6225,-117.6709,98.46,11,40,15.01,scattered clouds
581,Lusambo,CD,2022-05-06 22:34:26,-4.9667,23.45,72.93,81,100,0.83,overcast clouds
582,Santa Marta,CO,2022-05-06 22:31:38,11.2408,-74.199,82.89,74,100,8.05,overcast clouds
583,Baruun-Urt,MN,2022-05-06 22:34:27,46.6806,113.2792,38.64,23,58,5.19,broken clouds
584,Karasburg,NA,2022-05-06 22:34:28,-28.0167,18.75,50.36,79,37,10.71,scattered clouds
585,Mogadishu,SO,2022-05-06 22:34:28,2.0371,45.3438,81.59,80,39,14.32,scattered clouds
586,Benguela,AO,2022-05-06 22:34:29,-12.5763,13.4055,77.05,72,65,3.18,broken clouds
587,Vostok,RU,2022-05-06 22:34:29,46.4856,135.8833,45.9,67,100,3.18,overcast clouds
588,Zhanaozen,KZ,2022-05-06 22:30:28,43.3,52.8,59.94,71,34,18.39,light rain
589,Fort Nelson,CA,2022-05-06 22:30:20,58.8053,-122.7002,53.19,32,100,13.8,overcast clouds
590,Tezu,IN,2022-05-06 22:34:30,27.9167,96.1667,72.25,68,1,4.18,clear sky
591,Salta,AR,2022-05-06 22:34:31,-24.7859,-65.4117,60.58,72,0,6.91,clear sky
592,Ankang,CN,2022-05-06 22:34:31,32.68,109.0172,68.63,77,1,3.27,clear sky
593,Sarahan,IN,2022-05-06 22:34:32,31.5167,77.8,51.89,59,1,6.69,clear sky
594,Aksay,RU,2022-05-06 22:34:32,47.26,39.87,50.25,44,67,13.0,broken clouds
595,Novo Aripuana,BR,2022-05-06 22:34:33,-5.1206,-60.3797,76.24,95,98,1.36,overcast clouds
596,Taltal,CL,2022-05-06 22:32:39,-25.4,-70.4833,62.06,86,100,2.64,overcast clouds
597,Chicama,PE,2022-05-06 22:34:33,-7.8447,-79.1469,64.94,75,23,6.98,few clouds
598,Cape Canaveral,US,2022-05-06 22:31:20,28.4058,-80.6048,92.07,47,20,14.97,few clouds
599,Cap-Aux-Meules,CA,2022-05-06 22:34:34,47.3821,-61.8597,37.45,87,75,13.8,broken clouds
600,Salamanca,ES,2022-05-06 22:31:06,40.8333,-6.0,55.18,71,48,9.75,scattered clouds
601,Santa Fe,AR,2022-05-06 22:34:35,-31.6333,-60.7,70.0,81,99,1.99,light rain
602,Bulancak,TR,2022-05-06 22:34:35,40.9372,38.2291,53.42,87,75,10.36,broken clouds
603,Juli,PE,2022-05-06 22:34:36,-16.2167,-69.45,40.77,48,0,4.05,clear sky
604,Rongcheng,CN,2022-05-06 22:34:36,30.634,117.8517,70.5,70,90,2.13,overcast clouds
605,Mecca,SA,2022-05-06 22:33:23,21.4267,39.8261,75.29,46,0,6.87,clear sky
606,Savinka,RU,2022-05-06 22:34:37,50.0785,47.0994,39.49,58,76,9.73,broken clouds
607,Tianpeng,CN,2022-05-06 22:34:37,30.9866,103.9393,64.87,59,26,3.62,scattered clouds
608,Torrijos,ES,2022-05-06 22:34:38,39.9819,-4.2835,56.35,55,7,8.88,clear sky
609,Colares,PT,2022-05-06 22:34:38,38.7992,-9.4469,65.75,47,100,11.99,overcast clouds
610,Zhigansk,RU,2022-05-06 22:35:39,66.7697,123.3711,23.63,78,100,11.05,overcast clouds
611,Russell,US,2022-05-06 22:35:39,32.3502,-85.1999,83.35,45,20,19.57,few clouds
612,Kumluca,TR,2022-05-06 22:35:40,36.3703,30.2869,62.82,52,26,3.87,scattered clouds
613,Dwarka,IN,2022-05-06 22:35:40,22.2394,68.9678,81.86,75,0,15.7,clear sky
614,Valparaiso,CL,2022-05-06 22:35:41,-33.0393,-71.6273,56.48,88,75,8.05,fog
615,Palmer,US,2022-05-06 22:35:41,42.1584,-72.3287,63.21,41,100,5.75,overcast clouds
616,Dumka,IN,2022-05-06 22:35:42,24.2667,87.25,79.95,68,4,4.43,clear sky
617,Mitsamiouli,KM,2022-05-06 22:35:42,-11.3847,43.2844,80.33,73,11,7.83,few clouds
618,Vylkove,UA,2022-05-06 22:35:43,45.4021,29.586,50.05,70,2,1.23,clear sky
619,Petropavlovsk-Kamchatskiy,RU,2022-05-06 22:33:10,53.0452,158.6483,54.19,30,0,8.95,clear sky
620,Egvekinot,RU,2022-05-06 22:35:43,66.3167,-179.1667,22.77,93,100,5.28,overcast clouds
621,Kununurra,AU,2022-05-06 22:35:44,-15.7667,128.7333,73.38,28,0,13.8,clear sky
622,Aksarka,RU,2022-05-06 22:35:45,66.5606,67.7975,-0.62,100,79,1.66,broken clouds
623,Remedios,CU,2022-05-06 22:35:45,22.4947,-79.5458,85.12,67,3,8.32,clear sky
624,Flinders,AU,2022-05-06 22:32:22,-34.5833,150.8552,56.05,63,9,7.0,clear sky
625,Foso,GH,2022-05-06 22:35:46,5.7012,-1.2866,71.87,95,100,2.33,overcast clouds
626,Yulara,AU,2022-05-06 22:35:46,-25.2406,130.9889,42.64,65,0,9.22,clear sky
627,Mount Isa,AU,2022-05-06 22:35:47,-20.7333,139.5,60.57,39,1,9.22,clear sky
628,Hindaun,IN,2022-05-06 22:35:47,26.7167,77.0167,86.32,29,3,6.08,clear sky
629,Tefe,BR,2022-05-06 22:35:48,-3.3542,-64.7114,80.71,89,100,8.05,thunderstorm
630,Yaring,TH,2022-05-06 22:35:49,6.8662,101.3689,81.28,91,100,9.17,moderate rain
631,Kathu,TH,2022-05-06 22:35:49,7.9178,98.3332,86.76,87,97,6.33,overcast clouds
632,Raudeberg,NO,2022-05-06 22:35:49,61.9875,5.1352,43.47,91,75,15.01,broken clouds
633,Toora-Khem,RU,2022-05-06 22:35:50,52.4675,96.11,42.44,91,5,3.18,clear sky
634,Koslan,RU,2022-05-06 22:35:51,63.4564,48.8989,40.3,95,100,7.31,overcast clouds
635,Tecoanapa,MX,2022-05-06 22:35:51,16.5167,-98.75,84.92,55,14,8.25,few clouds
636,Shubarshi,KZ,2022-05-06 22:35:52,48.5872,57.1869,47.91,56,100,16.67,light rain
637,Diamantino,BR,2022-05-06 22:35:52,-14.4086,-56.4461,71.64,59,0,4.12,clear sky
638,Itarema,BR,2022-05-06 22:35:53,-2.9248,-39.9167,76.39,89,99,14.16,overcast clouds
639,Esmeralda,CU,2022-05-06 22:35:53,21.8525,-78.1169,81.27,66,35,4.97,scattered clouds
640,Ajuterique,HN,2022-05-06 22:35:54,14.3833,-87.7,77.16,82,77,3.94,broken clouds
641,Akhtanizovskaya,RU,2022-05-06 22:35:54,45.32,37.1,46.87,61,98,24.76,overcast clouds
642,Samarai,PG,2022-05-06 22:35:55,-10.6167,150.6667,83.62,76,30,10.07,scattered clouds
643,Sao Felix Do Xingu,BR,2022-05-06 22:35:55,-6.6447,-51.995,75.2,90,59,3.02,broken clouds
644,Zapolyarnyy,RU,2022-05-06 22:35:56,69.4154,30.8136,38.48,98,100,15.05,overcast clouds
645,Ulaangom,MN,2022-05-06 22:35:56,49.9811,92.0667,50.2,40,0,1.5,clear sky
646,Ampanihy,MG,2022-05-06 22:35:57,-24.7,44.75,71.53,74,20,5.41,few clouds
647,Leningradskiy,RU,2022-05-06 22:35:57,69.3833,178.4167,22.8,90,100,8.16,overcast clouds
648,Cockburn Town,TC,2022-05-06 22:34:32,21.4612,-71.1419,80.56,69,40,12.66,scattered clouds
649,Saijo,JP,2022-05-06 22:35:58,33.9167,133.1833,65.48,70,29,2.1,scattered clouds
650,Juneau,US,2022-05-06 22:35:58,58.3019,-134.4197,46.98,93,75,8.05,moderate rain
651,Los Llanos De Aridane,ES,2022-05-06 22:33:52,28.6585,-17.9182,62.35,71,20,9.22,few clouds
652,Fort-Shevchenko,KZ,2022-05-06 22:35:59,44.5086,50.263,55.98,79,95,28.21,overcast clouds
653,Palasa,IN,2022-05-06 22:35:59,18.7667,84.4167,79.74,86,34,4.05,scattered clouds
654,Pontal Do Parana,BR,2022-05-06 22:36:00,-25.6533,-48.5128,63.77,81,19,1.25,few clouds
655,Bosaso,SO,2022-05-06 22:36:00,11.2842,49.1816,86.4,53,8,6.69,clear sky
656,Teacapan,MX,2022-05-06 22:37:01,22.55,-105.75,79.86,57,2,8.97,clear sky
